main_page_link,isAssured,car_name,model,brand,location,seller_type,selling_location,transmission_type,km_driven,variant,selling_price
https://www.cardekho.com/used-car-details/used-Maruti-Vitara-Brezza-Vdi-cars-Agra_06df9b55-cf9b-444f-b337-e9be13f78b6c.htm,False,Maruti Vitara Brezza VDi,Maruti,VDi,Agra,Dealer,"Khasra No. 192, Bainpur Road, Sikandra, Agra- 282007",Manual,"83,070",Diesel,765000.0
https://www.cardekho.com/used-car-details/used-Maruti-Baleno-1.2-Alpha-cars-Agra_c836f259-3f9a-4b66-9f1e-06424c3aaa06.htm,False,Maruti Baleno 1.2 Alpha,Maruti,1.2 Alpha,Agra,Dealer,"Khasra No. 192, Bainpur Road, Sikandra, Agra- 282007|",Manual,"63,294",Petrol,600000.0
https://www.cardekho.com/used-car-details/used-Maruti-Swift-Vxi-Optional-cars-Agra_0e21ce6f-51f6-4627-b848-401357357d11.htm,False,Maruti Swift VXI Optional,Maruti,VXI Optional,Agra,Dealer,"Khasra No. 192, Bainpur Road, Sikandra, Agra- 282007|",Manual,"49,923",Petrol,450000.0
https://www.cardekho.com/used-car-details/used-Hyundai-I10-Sportz-1.1l-cars-Agra_c11bbc7c-4f1d-4c45-b765-28de6b3f2cee.htm,False,Hyundai i10 Sportz 1.1L,Hyundai,Sportz 1.1L,Agra,Dealer,"Khasra No. 192, Bainpur Road, Sikandra, Agra- 282007|",Manual,"29,924",Petrol,330000.0
https://www.cardekho.com/used-car-details/used-Maruti-Swift-Dzire-Vxi-1.2-cars-Agra_0ce5548d-23fa-446f-ae05-ae6d73e3771c.htm,False,Maruti Swift Dzire VXI 1.2,Maruti,VXI 1.2,Agra,Dealer,"Khasra No. 192, Bainpur Road, Sikandra, Agra- 282007|",Manual,"48,415",Petrol,610000.0
https://www.cardekho.com/used-car-details/used-Maruti-Swift-Dzire-Vdi-cars-Agra_8c0ee2a6-e5e4-40df-866a-22fbfbaccb2b.htm,False,Maruti Swift Dzire VDI,Maruti,VDI,Agra,Dealer,"Khasra No. 192, Bainpur Road, Sikandra, Agra- 282007|",Manual,"50,149",Diesel,600000.0
https://www.cardekho.com/used-car-details/used-Maruti-Swift-Dzire-Vdi-cars-Agra_4693428a-194b-4fd8-9ef6-c5ee32e9f8cf.htm,False,Maruti Swift Dzire VDI,Maruti,VDI,Agra,Dealer,"Khasra No. 192, Bainpur Road, Sikandra, Agra- 282007|",Manual,"63,303",Diesel,550000.0
https://www.cardekho.com/used-car-details/used-Maruti-Vitara-Brezza-Vdi-cars-Agra_5947cad1-9174-410d-a777-530dd782138d.htm,False,Maruti Vitara Brezza VDi,Maruti,VDi,Agra,Dealer,"Khasra No. 192, Bainpur Road, Sikandra, Agra- 282007|",Manual,"83,064",Diesel,740000.0
https://www.cardekho.com/used-car-details/used-Nissan-Micra-Active-Xv-cars-Agra_9119e0a2-555b-4cc9-bfa4-80c0a791886f.htm,False,Nissan Micra Active XV,Nissan,XV,Agra,Dealer,"Khasra No. 192, Bainpur Road, Sikandra, Agra- 282007|",Manual,"36,403",Petrol,270000.0
https://www.cardekho.com/used-car-details/used-Hyundai-Santro-Magna-Bsiv-cars-Agra_090dd184-e007-475c-9136-6e34b7f8e033.htm,False,Hyundai Santro Magna BSIV,Hyundai,Magna BSIV,Agra,Dealer,"Khasra No. 192, Bainpur Road, Sikandra, Agra- 282007|",Manual,"31,458",Petrol,420000.0
https://www.cardekho.com/used-car-details/used-Honda-City-Zx-Mt-cars-Agra_ea0cf619-2326-47d7-876e-e0508c9e4f5b.htm,False,Honda City ZX MT,Honda,ZX MT,Agra,Dealer,"Khasra No. 192, Bainpur Road, Sikandra, Agra- 282007|",Manual,"28,722",Petrol,1100000.0
https://www.cardekho.com/used-car-details/used-Honda-Amaze-S-I-dtech-cars-Agra_ab47581d-0b4b-472e-ba30-e7324d468c11.htm,False,Honda Amaze S i-Dtech,Honda,S i-Dtech,Agra,Dealer,"Khasra No. 192, Bainpur Road, Sikandra, Agra- 282007|",Manual,"84,084",Diesel,360000.0
https://www.cardekho.com/used-car-details/used-Maruti-Swift-Vxi-Optional-cars-Agra_5a9a15b3-6b50-472f-acd8-081eaf758f45.htm,False,Maruti Swift VXI Optional,Maruti,VXI Optional,Agra,Dealer,"Khasra No. 192, Bainpur Road, Sikandra, Agra- 282007|",Manual,"87,257",Petrol,450000.0
https://www.cardekho.com/used-car-details/used-Honda-City-I-vtec-V-cars-Agra_b9d310c7-0715-4132-a86d-14500e4ce0b6.htm,False,Honda City i-VTEC V,Honda,i-VTEC V,Agra,Dealer,"Khasra No. 192, Bainpur Road, Sikandra, Agra- 282007|",Manual,"22,722",Petrol,825000.0
https://www.cardekho.com/used-car-details/used-Datsun-Go-Plus-A-cars-Agra_054339b0-7de7-498a-9407-b943643eea1f.htm,False,Datsun GO Plus A,Datsun,A,Agra,Dealer,"Khasra No. 192, Bainpur Road, Sikandra, Agra- 282007|",Manual,"22,879",Petrol,315000.0
https://www.cardekho.com/used-car-details/used-Tata-Nexon-Xz-Plus-S-cars-Agra_0a74264a-bf86-460a-b386-24f3055ae67f.htm,False,Tata Nexon XZ Plus S,Tata,XZ Plus S,Agra,Dealer,"Khasra No. 192, Bainpur Road, Sikandra, Agra- 282007|",Manual,"37,319",Petrol,990000.0
https://www.cardekho.com/used-car-details/used-Maruti-Swift-Dzire-Amt-Zdi-Plus-cars-Agra_9798f523-c5cc-4db0-a1dd-712642c088ef.htm,False,Maruti Swift Dzire AMT ZDI Plus,Maruti,AMT ZDI Plus,Agra,Dealer,"Khasra No. 192, Bainpur Road, Sikandra, Agra- 282007|",Automatic,"77,322",Diesel,725000.0
https://www.cardekho.com/used-car-details/used-Hyundai-I20-Sportz-Option-1.4-Crdi-cars-Agra_b9e014b9-8dfd-48c6-af95-27f939d5cfbc.htm,False,Hyundai i20 Sportz Option 1.4 CRDi,Hyundai,Sportz Option 1.4 CRDi,Agra,Dealer,"Khasra No. 192, Bainpur Road, Sikandra, Agra- 282007|",Manual,"66,277",Diesel,490000.0
https://www.cardekho.com/used-car-details/used-Volkswagen-Polo-1.2-Mpi-Highline-cars-Agra_150b279e-2887-4cf8-9e00-e3659ffa4287.htm,False,Volkswagen Polo 1.2 MPI Highline,Volkswagen,1.2 MPI Highline,Agra,Dealer,"Khasra No. 192, Bainpur Road, Sikandra, Agra- 282007",Manual,"27,538",Petrol,470000.0
https://www.cardekho.com/used-car-details/used-Hyundai-I20-Magna-1.2-cars-Agra_6166f5e4-eb78-43e5-8845-d8bbd8ca53eb.htm,False,Hyundai i20 Magna 1.2,Hyundai,Magna 1.2,Agra,Dealer,"Khasra No. 192, Bainpur Road, Sikandra, Agra- 282007",Manual,"72,126",Petrol,430000.0
https://www.cardekho.com/used-car-details/used-Mahindra-Xuv500-W10-1.99-Mhawk-cars-Agra_6013d151-f758-468f-b32b-876cdfbfbeb0.htm,False,Mahindra XUV500 W10 1.99 mHawk,Mahindra,W10 1.99 mHawk,Agra,Dealer,"Khasra No. 192, Bainpur Road, Sikandra, Agra- 282007",Manual,"1,10,095",Diesel,940000.0
https://www.cardekho.com/used-car-details/used-Hyundai-I20-Active-1.2-Sx-cars-Agra_d8baed6b-3b3e-423d-800f-648f2e62c5f3.htm,False,Hyundai i20 Active 1.2 SX,Hyundai,1.2 SX,Agra,Dealer,"Khasra No. 192, Bainpur Road, Sikandra, Agra- 282007",Manual,"35,409",Petrol,520000.0
https://www.cardekho.com/used-car-details/used-Hyundai-I20-1.4-Magna-Executive-cars-Agra_6760000a-49cf-428b-942d-4e1c24e1265d.htm,False,Hyundai i20 1.4 Magna Executive,Hyundai,1.4 Magna Executive,Agra,Dealer,"Khasra No. 192, Bainpur Road, Sikandra, Agra- 282007",Manual,"62,258",Diesel,500000.0
https://www.cardekho.com/used-car-details/used-Maruti-Ciaz-Alpha-Bsiv-cars-Agra_b1baeb30-ef02-46ed-96f8-c7e916290542.htm,False,Maruti Ciaz Alpha BSIV,Maruti,Alpha BSIV,Agra,Dealer,"Khasra No. 192, Bainpur Road, Sikandra, Agra- 282007",Manual,"22,950",Petrol,830000.0
https://www.cardekho.com/used-car-details/used-Maruti-Alto-800-Lxi-cars-Agra_f5b55935-8bf2-46eb-adc7-c6527eab0788.htm,False,Maruti Alto 800 LXI,Maruti,LXI,Agra,Dealer,"Khasra No. 192, Bainpur Road, Sikandra, Agra- 282007|",Manual,"32,631",Petrol,250000.0
https://www.cardekho.com/used-car-details/used-Hyundai-Grand-I10-Magna-cars-Agra_7fc5cfeb-32ff-4b83-9e2b-a3dedf2d25ed.htm,False,Hyundai Grand i10 Magna,Hyundai,Magna,Agra,Dealer,"Khasra No. 192, Bainpur Road, Sikandra, Agra- 282007|",Manual,"14,454",Petrol,430000.0
https://www.cardekho.com/used-car-details/used-Maruti-Swift-Dzire-Vdi-cars-Agra_5c50e6a8-2c63-4dbf-9850-d5a7547c944b.htm,False,Maruti Swift Dzire VDI,Maruti,VDI,Agra,Dealer,"Khasra No. 192, Bainpur Road, Sikandra, Agra- 282007|",Manual,"59,793",Diesel,640000.0
https://www.cardekho.com/used-car-details/used-Mahindra-Xuv500-W4-1.99-Mhawk-cars-Agra_c0f23b7d-9bae-4980-82aa-f33b6e0676ce.htm,False,Mahindra XUV500 W4 1.99 mHawk,Mahindra,W4 1.99 mHawk,Agra,Dealer,"Khasra No. 192, Bainpur Road, Sikandra, Agra- 282007|",Manual,"63,757",Diesel,875000.0
https://www.cardekho.com/used-car-details/used-Maruti-Swift-Vxi-Deca-cars-Agra_768f5081-4b98-4795-b19d-0716813183e1.htm,False,Maruti Swift VXI Deca,Maruti,VXI Deca,Agra,Dealer,"Khasra No. 192, Bainpur Road, Sikandra, Agra- 282007|",Manual,"49,924",Petrol,450000.0
https://www.cardekho.com/used-car-details/used-Maruti-Baleno-1.2-Alpha-cars-Agra_2864c3b5-6a07-4e1e-af40-45b07c65b25f.htm,False,Maruti Baleno 1.2 Alpha,Maruti,1.2 Alpha,Agra,Dealer,"Khasra No. 192, Bainpur Road, Sikandra, Agra- 282007|",Manual,"53,791",Petrol,510000.0
https://www.cardekho.com/used-car-details/used-Hyundai-Grand-I10-Nios-Amt-Sportz-cars-Agra_67bcb8f5-7d67-485b-9d45-1e60c8c9c243.htm,False,Hyundai Grand i10 Nios AMT Sportz,Hyundai,AMT Sportz,Agra,Dealer,"Khasra No. 192, Bainpur Road, Sikandra, Agra- 282007|",Automatic,"52,101",Petrol,560000.0
https://www.cardekho.com/used-car-details/used-Hyundai-Xcent-1.2-Kappa-S-cars-Agra_1efd42a4-bec2-4881-b95c-eff6be9f441a.htm,False,Hyundai Xcent 1.2 Kappa S,Hyundai,1.2 Kappa S,Agra,Dealer,"Khasra No. 192, Bainpur Road, Sikandra, Agra- 282007|",Manual,"85,558",Petrol,300000.0
https://www.cardekho.com/used-car-details/used-Hyundai-Grand-I10-Sportz-cars-Agra_45fef1fc-4d31-4252-b3d2-75cf3e89cdc1.htm,False,Hyundai Grand i10 Sportz,Hyundai,Sportz,Agra,Dealer,"Khasra No. 192, Bainpur Road, Sikandra, Agra- 282007|",Manual,"64,498",Petrol,440000.0
https://www.cardekho.com/used-car-details/used-Maruti-Ertiga-Shvs-Vdi-cars-Agra_93e3fb01-b6b7-475d-ade7-c91db6da4e4b.htm,False,Maruti Ertiga SHVS VDI,Maruti,SHVS VDI,Agra,Dealer,"Khasra No. 192, Bainpur Road, Sikandra, Agra- 282007",Manual,"51,572",Diesel,710000.0
https://www.cardekho.com/used-car-details/used-Maruti-Wagon-R-Vxi-Bs-Iv-cars-Agra_cec81c80-1c47-456b-806f-58d4cf598087.htm,False,Maruti Wagon R VXI BS IV,Maruti,VXI BS IV,Agra,Dealer,"Khasra No. 192, Bainpur Road, Sikandra, Agra- 282007|",Manual,"55,642",Petrol,325000.0
https://www.cardekho.com/used-car-details/used-Toyota-Innova-2.5-Gx-(diesel)-7-Seater-Bs-Iv-cars-Agra_b2c1b9be-46a2-4a3a-afa5-03802c4c8e26.htm,False,Toyota Innova 2.5 GX (Diesel) 7 Seater BS IV,Toyota,2.5 GX (Diesel) 7 Seater BS IV,Agra,Dealer,"Khasra No. 192, Bainpur Road, Sikandra, Agra- 282007",Manual,"1,18,354",Diesel,460000.0
https://www.cardekho.com/used-car-details/used-Mahindra-Xuv500-W9-At-Bsiv-cars-Agra_4cd44d93-df3c-45e6-829e-22b200ac866a.htm,False,Mahindra XUV500 W9 AT BSIV,Mahindra,W9 AT BSIV,Agra,Dealer,"Khasra No. 192, Bainpur Road, Sikandra, Agra- 282007",Automatic,"26,052",Diesel,1490000.0
https://www.cardekho.com/used-car-details/used-Maruti-Swift-Zxi-cars-Agra_7a092963-7104-4c86-bcdb-ecc91a4789b4.htm,False,Maruti Swift ZXI,Maruti,ZXI,Agra,Dealer,"Khasra No. 192, Bainpur Road, Sikandra, Agra- 282007",Manual,"79,316",Petrol,350000.0
https://www.cardekho.com/used-car-details/used-Renault-Triber-Rxt-cars-Agra_67b2f33d-cd9b-474c-916b-0c747555e42b.htm,False,Renault Triber RXT,Renault,RXT,Agra,Dealer,"Khasra No. 192, Bainpur Road, Sikandra, Agra- 282007|",Manual,"5,424",Petrol,655000.0
https://www.cardekho.com/used-car-details/used-Maruti-Baleno-1.2-Delta-cars-Agra_5c75efd2-9979-4026-be8d-5e159a8be7d9.htm,False,Maruti Baleno 1.2 Delta,Maruti,1.2 Delta,Agra,Dealer,"Khasra No. 192, Bainpur Road, Sikandra, Agra- 282007",Manual,"11,670",Petrol,550000.0
https://www.cardekho.com/used-car-details/used-Nissan-Terrano-Xl-85-Ps-cars-Agra_cc4187df-c5cd-4af8-af77-8bc9e3feb13e.htm,False,Nissan Terrano XL 85 PS,Nissan,XL 85 PS,Agra,Dealer,"Khasra No. 192, Bainpur Road, Sikandra, Agra- 282007|",Manual,"62,216",Diesel,430000.0
https://www.cardekho.com/used-car-details/used-Tata-Nexon-Xm-cars-Agra_12e4aa0f-c6ed-480a-bc04-213ce678144c.htm,False,Tata Nexon XM,Tata,XM,Agra,Dealer,"Khasra No. 192, Bainpur Road, Sikandra, Agra- 282007",Manual,"31,074",Petrol,690000.0
https://www.cardekho.com/used-car-details/used-Hyundai-I20-Magna-1.2-cars-Agra_976e6dbe-a8f6-456f-9158-e77d415c75f0.htm,False,Hyundai i20 Magna 1.2,Hyundai,Magna 1.2,Agra,Dealer,"Khasra No. 192, Bainpur Road, Sikandra, Agra- 282007",Manual,"30,694",Petrol,470000.0
https://www.cardekho.com/used-car-details/used-Mahindra-Scorpio-S5-Bsiv-cars-Agra_ad6cef75-36e5-4fa1-a0f1-bf59d91c0d64.htm,False,Mahindra Scorpio S5 BSIV,Mahindra,S5 BSIV,Agra,Dealer,"Khasra No. 192, Bainpur Road, Sikandra, Agra- 282007|",Manual,"68,944",Diesel,1040000.0
https://www.cardekho.com/used-car-details/used-Hyundai-Verna-1.6-Sx-cars-Agra_f3c04931-7c1f-452a-8660-a2d34fd130b9.htm,False,Hyundai Verna 1.6 SX,Hyundai,1.6 SX,Agra,Dealer,"Khasra No. 192, Bainpur Road, Sikandra, Agra- 282007",Manual,"93,915",Diesel,350000.0
https://www.cardekho.com/used-car-details/used-Maruti-Vitara-Brezza-Zdi-cars-Agra_b8149c7d-a32d-4900-aede-652312262268.htm,False,Maruti Vitara Brezza ZDi,Maruti,ZDi,Agra,Dealer,"Khasra No. 192, Bainpur Road, Sikandra, Agra- 282007",Manual,"49,866",Diesel,785000.0
https://www.cardekho.com/used-car-details/used-Maruti-Sx4-S-Cross-Delta-Ddis-200-Sh-cars-Agra_3b2f9a34-6891-4f19-9334-edfd125be566.htm,False,Maruti SX4 S Cross Delta DDiS 200 SH,Maruti,Delta DDiS 200 SH,Agra,Dealer,"Khasra No. 192, Bainpur Road, Sikandra, Agra- 282007",Manual,"32,371",Diesel,800000.0
https://www.cardekho.com/used-car-details/used-Honda-City-I-Dtec-Sv-cars-Agra_10de1a50-5362-406a-97b1-4a704e105031.htm,False,Honda City i DTec SV,Honda,i DTec SV,Agra,Dealer,"Khasra No. 192, Bainpur Road, Sikandra, Agra- 282007|",Manual,"52,131",Diesel,700000.0
https://www.cardekho.com/used-car-details/used-Maruti-Swift-Dzire-Vxi-cars-Agra_2df103a4-85ed-4e82-afc0-e34fb0f9f906.htm,False,Maruti Swift Dzire VXI,Maruti,VXI,Agra,Dealer,"Khasra No. 192, Bainpur Road, Sikandra, Agra- 282007",Manual,"49,180",Petrol,360000.0
https://www.cardekho.com/used-car-details/used-Mahindra-Bolero-Zlx-cars-Agra_c46e25c6-070b-4f71-93d3-387968475f0e.htm,False,Mahindra Bolero ZLX,Mahindra,ZLX,Agra,Dealer,"Khasra No. 192, Bainpur Road, Sikandra, Agra- 282007",Manual,"61,521",Diesel,725000.0
https://www.cardekho.com/used-car-details/used-Maruti-Wagon-R-Lxi-Cng-cars-Agra_d0245f24-f564-4083-b013-bdf7eecb37a2.htm,False,Maruti Wagon R LXI CNG,Maruti,LXI CNG,Agra,Dealer,"Khasra No. 192, Bainpur Road, Sikandra, Agra- 282007|",Manual,"57,366",CNG,330000.0
https://www.cardekho.com/used-car-details/used-Maruti-Wagon-R-Vxi-Bs-Iv-cars-Agra_0f36728c-4021-41e3-b623-7da96b9ee4ab.htm,False,Maruti Wagon R VXI BS IV,Maruti,VXI BS IV,Agra,Dealer,"Khasra No. 192, Bainpur Road, Sikandra, Agra- 282007|",Manual,"10,492",Petrol,415000.0
https://www.cardekho.com/used-car-details/used-Honda-Amaze-S-I-vtec-cars-Agra_b6b9501d-7586-45ae-bdc4-1a16809c618a.htm,False,Honda Amaze S i-VTEC,Honda,S i-VTEC,Agra,Dealer,"Khasra No. 192, Bainpur Road, Sikandra, Agra- 282007|",Manual,"23,865",Petrol,520000.0
https://www.cardekho.com/used-car-details/used-Maruti-Wagon-R-Stingray-Amt-Vxi-cars-Agra_6adabbe5-8bb8-4f57-a47f-0610d022e97c.htm,False,Maruti Wagon R Stingray AMT VXI,Maruti,AMT VXI,Agra,Dealer,"Khasra No. 192, Bainpur Road, Sikandra, Agra- 282007|",Automatic,"96,947",Petrol,340000.0
https://www.cardekho.com/used-car-details/used-Maruti-Alto-800-Cng-Lxi-cars-Agra_bb274a20-fd73-40b5-aac9-a8f9ffc80c86.htm,False,Maruti Alto 800 CNG LXI,Maruti,CNG LXI,Agra,Dealer,"Khasra No. 192, Bainpur Road, Sikandra, Agra- 282007|",Manual,"30,298",CNG,360000.0
https://www.cardekho.com/used-car-details/used-Volkswagen-Polo-1.0-Tsi-Highline-Plus-cars-Agra_0eda9f46-402e-45c3-abc7-866aca794017.htm,False,Volkswagen Polo 1.0 TSI Highline Plus,Volkswagen,1.0 TSI Highline Plus,Agra,Dealer,"Khasra No. 192, Bainpur Road, Sikandra, Agra- 282007|",Manual,"51,117",Petrol,820000.0
https://www.cardekho.com/used-car-details/used-Hyundai-Grand-I10-Magna-cars-Agra_3ffac95a-2dac-425c-9575-5d4127e6d049.htm,False,Hyundai Grand i10 Magna,Hyundai,Magna,Agra,Dealer,"Khasra No. 192, Bainpur Road, Sikandra, Agra- 282007|",Manual,"73,174",Petrol,370000.0
https://www.cardekho.com/used-car-details/used-Maruti-Swift-Dzire-Zxi-cars-Agra_44d64e8e-c4ce-4db7-a59b-741bb346ae02.htm,False,Maruti Swift Dzire ZXI,Maruti,ZXI,Agra,Dealer,"Khasra No. 192, Bainpur Road, Sikandra, Agra- 282007|",Manual,"62,560",Petrol,490000.0
https://www.cardekho.com/used-car-details/used-Tata-Tiago-1.2-Revotron-Xt-cars-Agra_75af50c0-b7b6-4e58-9608-9fb64e02996d.htm,False,Tata Tiago 1.2 Revotron XT,Tata,1.2 Revotron XT,Agra,Dealer,"Khasra No. 192, Bainpur Road, Sikandra, Agra- 282007|",Manual,"54,476",Petrol,390000.0
https://www.cardekho.com/used-car-details/used-Hyundai-Xcent-1.2-Vtvt-Sx-cars-Agra_55a45b0d-d7ba-4885-8a92-2349546de0f0.htm,False,Hyundai Xcent 1.2 VTVT SX,Hyundai,1.2 VTVT SX,Agra,Dealer,"Khasra No. 192, Bainpur Road, Sikandra, Agra- 282007|",Manual,"35,010",Petrol,495000.0
https://www.cardekho.com/used-car-details/used-Tata-Tigor-Xz-Plus-cars-Agra_a2023685-d3cc-4545-a8b4-b060348fc29e.htm,False,Tata Tigor XZ Plus,Tata,XZ Plus,Agra,Individual,,Manual,"15,000",Petrol,700000.0
https://www.cardekho.com/used-car-details/used-Maruti-Swift-Dzire-Vdi-cars-Agra_5a1399f1-af7b-468d-a589-93a8af49ffd6.htm,False,Maruti Swift Dzire VDi,Maruti,VDi,Agra,Individual,,Manual,"2,80,000",Diesel,280000.0
https://www.cardekho.com/used-car-details/used-Mahindra-Xuv500-W8-Awd-cars-Agra_1f504f9f-c7f5-4774-bd19-2389f8d1d481.htm,False,Mahindra XUV500 W8 AWD,Mahindra,W8 AWD,Agra,Individual,,Manual,"80,000",Diesel,800000.0
https://www.cardekho.com/used-car-details/used-Mahindra-Scorpio-Vls-2.2-Mhawk-cars-Agra_373cd589-44aa-4108-bd76-785b4d14bf16.htm,False,Mahindra Scorpio VLS 2.2 mHawk,Mahindra,VLS 2.2 mHawk,Agra,Individual,,Manual,"1,20,000",Diesel,300000.0
https://www.cardekho.com/used-car-details/used-Renault-Kwid-1.0-cars-Agra_58f40813-8177-4ec1-8f03-8323b1db3602.htm,False,Renault KWID 1.0,Renault,1.0,Agra,Individual,,Manual,"40,000",Petrol,330000.0
https://www.cardekho.com/used-car-details/used-Maruti-Eeco-5-Seater-Ac-cars-Agra_73cb7bd2-5fbb-4669-bcbf-f7c52abdda97.htm,False,Maruti Eeco 5 Seater AC,Maruti,5 Seater AC,Agra,Individual,,Manual,"5,000",Petrol,490000.0
https://www.cardekho.com/used-car-details/used-Maruti-Omni-Lpg-Std-Bsiv-cars-Agra_5aaf26b3-2917-4d35-b397-135e2377987d.htm,False,Maruti Omni LPG STD BSIV,Maruti,LPG STD BSIV,Agra,Individual,,Manual,"1,10,000",LPG,90000.0
https://www.cardekho.com/used-car-details/used-Maruti-Alto-800-Lxi-cars-Agra_aaf34ff0-c321-4c27-85e1-3990b7b052b0.htm,False,Maruti Alto 800 LXI,Maruti,LXI,Agra,Individual,,Manual,"5,000",Petrol,313120.0
https://www.cardekho.com/used-car-details/used-Maruti-Vitara-Brezza-Vxi-cars-Agra_83959f80-9175-48a7-9b5b-99749557a822.htm,False,Maruti Vitara Brezza VXI,Maruti,VXI,Agra,Individual,,Manual,"10,000",Petrol,850000.0
https://www.cardekho.com/used-car-details/used-Maruti-Vitara-Brezza-Zdi-Plus-Dual-Tone-cars-Agra_e5e31a8b-d13b-4202-a12b-c9a47336f7e4.htm,False,Maruti Vitara Brezza ZDi Plus Dual Tone,Maruti,ZDi Plus Dual Tone,Agra,Individual,,Manual,"40,000",Diesel,825000.0
https://www.cardekho.com/used-car-details/used-Hyundai-Grand-I10-At-Asta-cars-Agra_8d75052d-3efb-413b-a0be-28be3f76ca31.htm,False,Hyundai Grand i10 AT Asta,Hyundai,AT Asta,Agra,Individual,,Automatic,"15,000",Petrol,270132.0
https://www.cardekho.com/used-car-details/used-Mahindra-Tuv-300-Mhawk100-T8-Dual-Tone-cars-Agra_ca2927a9-abcf-4df6-ad76-cf9518e973a2.htm,False,Mahindra TUV 300 mHAWK100 T8 Dual Tone,Mahindra,mHAWK100 T8 Dual Tone,Agra,Individual,,Manual,"60,000",Diesel,710000.0
https://www.cardekho.com/used-car-details/used-Mahindra-Xuv500-W11-Option-cars-Agra_843f0e6d-5861-40c5-93af-97983d929df0.htm,False,Mahindra XUV500 W11 Option,Mahindra,W11 Option,Agra,Individual,,Manual,"10,000",Diesel,1850000.0
https://www.cardekho.com/used-car-details/used-Mahindra-Tuv-300-Mhawk100-T8-Dual-Tone-cars-Agra_991901fc-5351-4268-8e25-93de551b9685.htm,False,Mahindra TUV 300 mHAWK100 T8 Dual Tone,Mahindra,mHAWK100 T8 Dual Tone,Agra,Individual,,Manual,"60,000",Diesel,700000.0
https://www.cardekho.com/used-car-details/used-Renault-Kwid-1.0-Rxt-Optional-cars-Agra_d82ede2f-3ee5-42f4-a7d5-e97a73c0a6df.htm,False,Renault KWID 1.0 RXT Optional,Renault,1.0 RXT Optional,Agra,Individual,,Manual,"60,000",Petrol,270000.0
https://www.cardekho.com/used-car-details/used-Skoda-Fabia-1.2-Mpi-Classic-cars-Agra_6e99533d-8857-4caa-b24d-153bda0dc6b9.htm,False,Skoda Fabia 1.2 MPI Classic,Skoda,1.2 MPI Classic,Agra,Individual,,Manual,"1,10,000",Petrol,124900.0
https://www.cardekho.com/used-car-details/used-Maruti-Ignis-1.2-Sigma-Bsiv-cars-Agra_b4de1e31-17b3-405a-8bb3-11975485bc98.htm,False,Maruti Ignis 1.2 Sigma BSIV,Maruti,1.2 Sigma BSIV,Agra,Individual,,Manual,"10,000",Petrol,470000.0
https://www.cardekho.com/used-car-details/used-Datsun-Go-Plus-A-Eps-cars-Agra_fa2dd338-efd9-4ceb-8dac-8bc1e98f751f.htm,False,Datsun GO Plus A EPS,Datsun,A EPS,Agra,Individual,,Manual,"15,000",Petrol,370000.0
https://www.cardekho.com/used-car-details/used-Maruti-Alto-800-Lxi-cars-Agra_03c3bd39-dcb3-4c65-9890-cf6178281c95.htm,False,Maruti Alto 800 LXI,Maruti,LXI,Agra,Individual,,Manual,"25,000",Petrol,239000.0
https://www.cardekho.com/used-car-details/used-Maruti-Alto-K10-Vxi-cars-Agra_e8c4941e-7979-4650-bf96-5431257432e4.htm,False,Maruti Alto K10 VXI,Maruti,VXI,Agra,Individual,,Manual,"30,000",Petrol,310000.0
https://www.cardekho.com/used-car-details/used-Renault-Duster-110ps-Diesel-Rxz-Optional-With-Nav-cars-Agra_8bf58cea-1089-4dac-896d-56e849df97f1.htm,False,Renault Duster 110PS Diesel RXZ Optional with Nav,Renault,110PS Diesel RXZ Optional with Nav,Agra,Individual,,Manual,"90,000",Diesel,400000.0
https://www.cardekho.com/used-car-details/used-Hyundai-Grand-I10-Magna-cars-Agra_e048c66a-6e52-47e8-968f-d2784e5ab20e.htm,False,Hyundai Grand i10 Magna,Hyundai,Magna,Agra,Individual,,Manual,"50,000",Petrol,250000.0
https://www.cardekho.com/used-car-details/used-Hyundai-I20-Magna-1.4-Crdi-(diesel)-cars-Agra_0665997d-e38a-478a-a5f3-b9299cf37f1b.htm,False,Hyundai i20 Magna 1.4 CRDi (Diesel),Hyundai,Magna 1.4 CRDi (Diesel),Agra,Individual,,Manual,"1,20,000",Diesel,260000.0
https://www.cardekho.com/used-car-details/used-Maruti-Swift-Vdi-Bsiv-cars-Agra_b6faea72-cba8-4173-8cf6-f7b2d4840151.htm,False,Maruti Swift VDI BSIV,Maruti,VDI BSIV,Agra,Individual,,Manual,"60,000",Diesel,455000.0
https://www.cardekho.com/used-car-details/used-Ford-Ecosport-1.5-Dv5-Mt-Titanium-cars-Agra_12e1dadf-838f-46ae-a3fe-df3f25867da1.htm,False,Ford Ecosport 1.5 DV5 MT Titanium,Ford,1.5 DV5 MT Titanium,Agra,Individual,,Manual,"1,00,000",Diesel,330000.0
https://www.cardekho.com/used-car-details/used-Mahindra-Bolero-Power-Plus-Zlx-cars-Agra_76c957a8-924e-46f6-ac40-b475135676c5.htm,False,Mahindra Bolero Power Plus ZLX,Mahindra,ZLX,Agra,Individual,,Manual,"50,000",Diesel,630000.0
https://www.cardekho.com/used-car-details/used-Renault-Kiger-Rxz-Turbo-Cvt-Dt-cars-Agra_3c126a15-2665-4dcf-9f20-d82a0bd43525.htm,False,Renault Kiger RXZ Turbo CVT DT,Renault,RXZ Turbo CVT DT,Agra,Individual,,Automatic,"10,000",Petrol,1000000.0
https://www.cardekho.com/used-car-details/used-Maruti-Swift-Dzire-Ldi-Optional-cars-Agra_0c017f82-9eda-4e77-8799-de84e5bc42c4.htm,False,Maruti Swift Dzire LDI Optional,Maruti,LDI Optional,Agra,Individual,,Manual,"70,000",Diesel,385000.0
https://www.cardekho.com/used-car-details/used-Hyundai-I20-Sportz-1.4-Crdi-cars-Agra_5750b3a3-19ef-47b6-88c4-3751891de22f.htm,False,Hyundai i20 Sportz 1.4 CRDi,Hyundai,Sportz 1.4 CRDi,Agra,Individual,,Manual,"60,000",Diesel,575000.0
https://www.cardekho.com/used-car-details/used-Maruti-Swift-Vxi-Optional-cars-Agra_301f5b96-9ca1-4e37-96cb-572497ce7ccd.htm,False,Maruti Swift VXI Optional,Maruti,VXI Optional,Agra,Individual,,Manual,"30,000",Petrol,420000.0
https://www.cardekho.com/used-car-details/used-Maruti-Swift-Vxi-Bsiii-cars-Agra_da34846c-8f2b-4f76-a58b-64fa5c4c184c.htm,False,Maruti Swift VXI BSIII,Maruti,VXI BSIII,Agra,Individual,,Manual,"1,20,000",Petrol,110000.0
https://www.cardekho.com/used-car-details/used-Tata-Indica-Lei-cars-Agra_29b8dfbd-4762-4b6e-b6e3-d64c858553da.htm,False,Tata Indica Lei,Tata,Lei,Agra,Individual,,Manual,"80,000",Petrol,60000.0
https://www.cardekho.com/used-car-details/used-Hyundai-I10-Magna-1.1l-cars-Agra_af0420e3-e06e-46fd-a249-27ad877fe456.htm,False,Hyundai i10 Magna 1.1L,Hyundai,Magna 1.1L,Agra,Individual,,Manual,"1,20,000",Petrol,140000.0
https://www.cardekho.com/used-car-details/used-Maruti-Alto-Lx-cars-Agra_a9f4a091-92d2-4fef-8c76-69a00812de7f.htm,False,Maruti Alto LX,Maruti,LX,Agra,Individual,,Manual,"1,00,000",Petrol,110000.0
https://www.cardekho.com/used-car-details/used-Maruti-Vitara-Brezza-Vdi-cars-Agra_55420040-b003-46c9-8074-6adbb3790c0d.htm,False,Maruti Vitara Brezza VDi,Maruti,VDi,Agra,Individual,,Manual,"50,000",Diesel,750000.0
https://www.cardekho.com/used-car-details/used-Toyota-Fortuner-2.8-4wd-Mt-Bsiv-cars-Agra_685b852d-4600-48d8-98ce-02d34bd428dc.htm,False,Toyota Fortuner 2.8 4WD MT BSIV,Toyota,2.8 4WD MT BSIV,Agra,Individual,,Manual,"50,000",Diesel,2950000.0
https://www.cardekho.com/used-car-details/used-Chevrolet-Sail-1.3-Base-cars-Agra_7c7636e3-9c68-45f7-a762-a8c56cd61773.htm,False,Chevrolet Sail 1.3 Base,Chevrolet,1.3 Base,Agra,Individual,,Manual,"90,000",Diesel,200000.0
https://www.cardekho.com/used-car-details/used-Maruti-Wagon-R-Duo-Lx-Bsiii-cars-Agra_3605dff5-a565-4020-b03e-a448d26bcb29.htm,False,Maruti Wagon R Duo LX BSIII,Maruti,Duo LX BSIII,Agra,Individual,,Manual,"70,000",LPG,140000.0
https://www.cardekho.com/used-car-details/used-Nissan-Terrano-Xl-110-Ps-cars-Agra_ea3e9ffb-1b23-49d7-9ae3-3249abca9371.htm,False,Nissan Terrano XL 110 PS,Nissan,XL 110 PS,Agra,Individual,,Manual,"70,000",Diesel,350000.0
https://www.cardekho.com/used-car-details/used-Mahindra-Scorpio-Ex-cars-Agra_3bfdd46c-4084-4246-b39d-91a59e90a81c.htm,False,Mahindra Scorpio EX,Mahindra,EX,Agra,Individual,,Manual,"1,00,000",Diesel,450000.0
https://www.cardekho.com/used-car-details/used-Mahindra-Xuv500-At-W10-Fwd-cars-Agra_d2779b8a-ecab-4d2b-bca3-fd6c324928d1.htm,False,Mahindra XUV500 AT W10 FWD,Mahindra,AT W10 FWD,Agra,Individual,,Automatic,"1,60,000",Diesel,725000.0
https://www.cardekho.com/used-car-details/used-Maruti-Swift-Ldi-Bsiv-cars-Agra_57e01ef8-b20f-4e4f-91fd-c170d3674907.htm,False,Maruti Swift Ldi BSIV,Maruti,Ldi BSIV,Agra,Individual,,Manual,"80,000",Diesel,250000.0
https://www.cardekho.com/used-car-details/used-Hyundai-Eon-D-Lite-Plus-cars-Agra_0cd90968-689d-426d-944d-600fa41e98d4.htm,False,Hyundai EON D Lite Plus,Hyundai,D Lite Plus,Agra,Individual,,Manual,"30,000",Petrol,200000.0
https://www.cardekho.com/used-car-details/used-Hyundai-I20-1.4-Crdi-Sportz-cars-Agra_c20faa40-48de-4258-afa1-4a4010b6222c.htm,False,Hyundai i20 1.4 CRDi Sportz,Hyundai,1.4 CRDi Sportz,Agra,Individual,,Manual,"1,10,000",Diesel,165000.0
https://www.cardekho.com/used-car-details/used-Hyundai-Santro-Xing-Gl-cars-Agra_d1923c1f-4506-4be2-a59b-e52c4c71bae4.htm,False,Hyundai Santro Xing GL,Hyundai,GL,Agra,Individual,,Manual,"80,000",Petrol,150000.0
https://www.cardekho.com/used-car-details/used-Maruti-Swift-Vvt-Zxi-cars-Agra_22c60557-c44c-4b09-aa63-8ce9eb5fb6c9.htm,False,Maruti Swift VVT ZXI,Maruti,VVT ZXI,Agra,Individual,,Manual,"45,000",Petrol,470000.0
https://www.cardekho.com/used-car-details/used-Tata-Indica-Quadrajet-Vx-cars-Agra_afe11c58-b638-4a93-ab39-7bab53b67bd7.htm,False,Tata Indica Quadrajet VX,Tata,Quadrajet VX,Agra,Individual,,Manual,"1,20,000",Diesel,100000.0
https://www.cardekho.com/used-car-details/used-Fiat-Punto-Evo-1.3-Dynamic-cars-Agra_17e622fe-e927-4771-afbb-51249be445b4.htm,False,Fiat Punto EVO 1.3 Dynamic,Fiat,1.3 Dynamic,Agra,Individual,,Manual,"1,10,000",Diesel,210000.0
https://www.cardekho.com/used-car-details/used-Hyundai-Verna-1.6-Sx-cars-Agra_d7ee06d6-b085-435c-91c9-b33b9248daed.htm,False,Hyundai Verna 1.6 SX,Hyundai,1.6 SX,Agra,Individual,,Manual,"50,000",Diesel,380000.0
https://www.cardekho.com/used-car-details/used-Maruti-Swift-Ldi-Bsiv-cars-Agra_7deb6073-703c-431e-9e6e-60ffa23cd8c5.htm,False,Maruti Swift Ldi BSIV,Maruti,Ldi BSIV,Agra,Individual,,Manual,"60,000",Diesel,240000.0
https://www.cardekho.com/used-car-details/used-Hyundai-I20-1.4-Crdi-Magna-cars-Agra_d2a7605c-10cf-4274-ae10-2943f3d87214.htm,False,Hyundai i20 1.4 CRDi Magna,Hyundai,1.4 CRDi Magna,Agra,Individual,,Manual,"50,000",Diesel,235000.0
https://www.cardekho.com/used-car-details/used-Maruti-Omni-E-8-Str-Std-cars-Agra_ea4ac0fe-0c11-490e-8a94-85d4bf0ccc07.htm,False,Maruti Omni E 8 Str STD,Maruti,E 8 Str STD,Agra,Individual,,Manual,"10,000",Petrol,90000.0
https://www.cardekho.com/used-car-details/used-Maruti-Swift-Dzire-Ldi-cars-Agra_b071fd56-f455-452e-a778-8059c5fb624e.htm,False,Maruti Swift Dzire LDI,Maruti,LDI,Agra,Individual,,Manual,"1,10,000",Diesel,300000.0
https://www.cardekho.com/used-car-details/used-Maruti-Wagon-R-Lx-Duo-Bsiii-cars-Agra_3c4ff44a-a155-45e4-9f11-afa5646addc6.htm,False,Maruti Wagon R LX DUO BSIII,Maruti,LX DUO BSIII,Agra,Individual,,Manual,"70,000",LPG,90000.0
https://www.cardekho.com/used-car-details/used-Mahindra-Bolero-Zlx-cars-Agra_6f91902a-2f8b-46b1-ad48-54a3489ee1a5.htm,False,Mahindra Bolero ZLX,Mahindra,ZLX,Agra,Individual,,Manual,"60,000",Diesel,400000.0
https://www.cardekho.com/used-car-details/used-Mahindra-Tuv-300-T6-Plus-cars-Agra_222c0fbc-184b-4ba6-b6f5-913dca7d9c6f.htm,False,Mahindra TUV 300 T6 Plus,Mahindra,T6 Plus,Agra,Individual,,Manual,"90,000",Diesel,500000.0
https://www.cardekho.com/used-car-details/used-Tata-Nexon-1.2-Revotron-Xz-Plus-cars-Agra_4f29c049-3bee-4de4-a52f-f440a52dec83.htm,False,Tata Nexon 1.2 Revotron XZ Plus,Tata,1.2 Revotron XZ Plus,Agra,Individual,,Manual,"9,000",Petrol,750000.0
https://www.cardekho.com/used-car-details/used-Hyundai-I10-Magna-cars-Agra_0be6bd56-356c-4076-87b7-1d13395d4e57.htm,False,Hyundai i10 Magna,Hyundai,Magna,Agra,Individual,,Manual,"50,000",Petrol,200000.0
https://www.cardekho.com/used-car-details/used-Hyundai-Accent-Gle-1-cars-Agra_bdb3d0ff-68d1-4401-a480-c64bf1e5a9bf.htm,False,Hyundai Accent GLE 1,Hyundai,GLE 1,Agra,Individual,,Manual,"1,00,000",Petrol,90000.0
https://www.cardekho.com/used-car-details/used-Honda-City-V-Mt-Avn-cars-Agra_fb60267b-b4de-418f-951e-02eaaba413d9.htm,False,Honda City V MT AVN,Honda,V MT AVN,Agra,Individual,,Manual,"1,20,000",Petrol,360000.0
https://www.cardekho.com/used-car-details/used-Tata-Indigo-Lx-cars-Agra_bb1e49a6-5ed8-41fe-80df-bc5076cbabc1.htm,False,Tata Indigo LX,Tata,LX,Agra,Individual,,Manual,"1,28,500",Diesel,280000.0
https://www.cardekho.com/used-car-details/used-Maruti-Swift-Dzire-Vxi-cars-Agra_28d661fd-593c-4c7e-a77c-583fc3beef2a.htm,False,Maruti Swift Dzire VXI,Maruti,VXI,Agra,Individual,,Manual,"45,600",Petrol,700000.0
https://www.cardekho.com/used-car-details/used-Honda-Cr-v-2.4l-4wd-At-cars-Agra_aafe0ed6-1923-414c-9fdc-40336e7d73dd.htm,False,Honda CR-V 2.4L 4WD AT,Honda,2.4L 4WD AT,Agra,Individual,,Automatic,"1,20,000",Petrol,1100000.0
https://www.cardekho.com/used-car-details/used-Maruti-Ciaz-Rs-Zxi-Plus-cars-Agra_fb25f95b-8ec8-4a68-9a64-b623946f8b1f.htm,False,Maruti Ciaz RS ZXi Plus,Maruti,RS ZXi Plus,Agra,Individual,,Manual,"70,000",Petrol,485000.0
https://www.cardekho.com/used-car-details/used-Maruti-Swift-Vdi-Bsiv-cars-Agra_525ccb58-cf2c-44bc-ac55-51508e016558.htm,False,Maruti Swift VDI BSIV,Maruti,VDI BSIV,Agra,Individual,,Manual,"90,000",Diesel,150000.0
https://www.cardekho.com/used-car-details/used-Renault-Kwid-Climber-1.0-Mt-cars-Agra_fd356d81-eada-4160-bdbb-35b620fcd395.htm,False,Renault KWID Climber 1.0 MT,Renault,Climber 1.0 MT,Agra,Individual,,Manual,"40,000",Petrol,300000.0
https://www.cardekho.com/used-car-details/used-Maruti-Alto-800-Lxi-cars-Agra_7ea536d2-83a9-4770-a0db-f30c88bf1b42.htm,False,Maruti Alto 800 LXI,Maruti,LXI,Agra,Individual,,Manual,"90,000",Petrol,150000.0
https://www.cardekho.com/used-car-details/used-Toyota-Glanza-G-cars-Agra_ee281751-5b3b-4af0-9bac-9e879d64d1ab.htm,False,Toyota Glanza G,Toyota,G,Agra,Individual,,Manual,"35,000",Petrol,735000.0
https://www.cardekho.com/used-car-details/used-Maruti-Zen-Estilo-1.1-Lx-Bsiii-cars-Agra_d652d2b2-0846-41f0-b45e-c03d5389b22a.htm,False,Maruti Zen Estilo 1.1 LX BSIII,Maruti,1.1 LX BSIII,Agra,Individual,,Manual,"1,20,000",Petrol,80000.0
https://www.cardekho.com/used-car-details/used-Mahindra-Tuv-300-T4-cars-Agra_7faaf92b-9728-4805-a3ee-32062606dfdd.htm,False,Mahindra TUV 300 T4,Mahindra,T4,Agra,Individual,,Manual,"1,10,000",Diesel,450000.0
https://www.cardekho.com/used-car-details/used-Maruti-Swift-Dzire-Vdi-cars-Agra_c0eaba09-c578-4c4e-a5d1-082d10935571.htm,False,Maruti Swift Dzire VDi,Maruti,VDi,Agra,Individual,,Manual,"1,10,000",Diesel,200000.0
https://www.cardekho.com/used-car-details/used-Tata-Safari-Storme-Vx-cars-Agra_60c1c753-be0d-487a-8c6f-d7461f381552.htm,False,Tata Safari Storme VX,Tata,VX,Agra,Individual,,Manual,"60,000",Diesel,650000.0
https://www.cardekho.com/used-car-details/used-Hyundai-Eon-1.0-Era-Plus-cars-Agra_867f4c21-bafa-48d0-8f85-3c1d6205edc9.htm,False,Hyundai EON 1.0 Era Plus,Hyundai,1.0 Era Plus,Agra,Individual,,Manual,"25,000",Petrol,350000.0
https://www.cardekho.com/used-car-details/used-Audi-A4-3.0-Tdi-Quattro-Premium-cars-Agra_78dee022-83b4-43e4-82b2-aede39e61cee.htm,False,Audi A4 3.0 TDI Quattro Premium,Audi,3.0 TDI Quattro Premium,Agra,Individual,,Automatic,"50,000",Diesel,800000.0
https://www.cardekho.com/used-car-details/used-Volkswagen-Polo-Petrol-Breeze-cars-Agra_0e19b5ce-d188-42e2-a0b0-6e7c1c33a251.htm,False,Volkswagen Polo Petrol Breeze,Volkswagen,Petrol Breeze,Agra,Individual,,Manual,"80,000",Petrol,220000.0
https://www.cardekho.com/used-car-details/used-Hyundai-Santro-Sportz-Bsiv-cars-Agra_4b4828a9-2751-48c6-9ce9-fe13963fefb6.htm,False,Hyundai Santro Sportz BSIV,Hyundai,Sportz BSIV,Agra,Individual,,Manual,"20,000",Petrol,460000.0
https://www.cardekho.com/used-car-details/used-Maruti-Sx4-Zxi-Mt-Bsiv-cars-Agra_e821c98f-0196-42ca-9b2f-6c8af63865fb.htm,False,Maruti SX4 ZXI MT BSIV,Maruti,ZXI MT BSIV,Agra,Individual,,Manual,"60,000",Petrol,250000.0
https://www.cardekho.com/used-car-details/used-Maruti-Ritz-Vxi-cars-Agra_56550252-338a-4c41-a187-36cff0c61e51.htm,False,Maruti Ritz VXI,Maruti,VXI,Agra,Individual,,Manual,"60,000",Petrol,160000.0
https://www.cardekho.com/used-car-details/used-Honda-Amaze-S-I-dtech-cars-Agra_ecc285a0-1c24-4f39-a9c1-982c3f4cf16a.htm,False,Honda Amaze S i-Dtech,Honda,S i-Dtech,Agra,Individual,,Manual,"80,000",Diesel,250000.0
https://www.cardekho.com/used-car-details/used-Honda-Amaze-E-I-vtech-cars-Agra_4fc49f6b-02e9-43ff-85aa-3ad7090f1dfb.htm,False,Honda Amaze E i-Vtech,Honda,E i-Vtech,Agra,Individual,,Manual,"1,20,000",Petrol,225000.0
https://www.cardekho.com/used-car-details/used-Mahindra-Nuvosport-N6-cars-Agra_7ed16145-786a-4b8e-a3dd-395c75750eed.htm,False,Mahindra NuvoSport N6,Mahindra,N6,Agra,Individual,,Manual,"1,20,000",Diesel,450000.0
https://www.cardekho.com/used-car-details/used-Hyundai-I10-Era-cars-Agra_2c36d9d6-9d8b-4905-bed3-0c7ee738f49e.htm,False,Hyundai i10 Era,Hyundai,Era,Agra,Individual,,Manual,"50,000",Petrol,165000.0
https://www.cardekho.com/used-car-details/used-Maruti-Ertiga-Vxi-Limited-Edition-cars-Agra_593a43d7-7b69-4769-933f-428f943fd369.htm,False,Maruti Ertiga VXI Limited Edition,Maruti,VXI Limited Edition,Agra,Individual,,Manual,"1,00,000",Petrol,700000.0
https://www.cardekho.com/used-car-details/used-Hyundai-Accent-Gle-cars-Agra_748fd6c7-fb0f-418a-8b60-81b0195ce3cb.htm,False,Hyundai Accent GLE,Hyundai,GLE,Agra,Individual,,Manual,"1,10,000",Petrol,90000.0
https://www.cardekho.com/used-car-details/used-Hyundai-Grand-I10-1.2-Crdi-Sportz-cars-Agra_f341efac-53da-4edd-ae35-8f593094ccbd.htm,False,Hyundai Grand i10 1.2 CRDi Sportz,Hyundai,1.2 CRDi Sportz,Agra,Individual,,Manual,"60,000",Diesel,480000.0
https://www.cardekho.com/used-car-details/used-Maruti-Swift-Dzire-Vdi-cars-Agra_984b6d85-03db-4fb0-b6d3-f679b9a76c7a.htm,False,Maruti Swift Dzire VDI,Maruti,VDI,Agra,Individual,,Manual,"90,000",Diesel,350000.0
https://www.cardekho.com/used-car-details/used-Maruti-800-Ac-cars-Agra_9d83c681-b614-4530-8ea2-bfb5ac5f45c2.htm,False,Maruti 800 AC,Maruti,AC,Agra,Individual,,Manual,"60,000",Petrol,70000.0
https://www.cardekho.com/used-car-details/used-Maruti-Eeco-7-Seater-Standard-Bsiv-cars-Agra_8faf2b3b-907d-4b4f-84e0-aa8160f1ed05.htm,False,Maruti Eeco 7 Seater Standard BSIV,Maruti,7 Seater Standard BSIV,Agra,Individual,,Manual,"10,000",Petrol,350000.0
https://www.cardekho.com/used-car-details/used-Hyundai-Verna-1.6-Sx-cars-Agra_46e62eb5-77b5-4f2c-93d1-995029c05632.htm,False,Hyundai Verna 1.6 SX,Hyundai,1.6 SX,Agra,Individual,,Manual,"1,20,000",Diesel,300000.0
https://www.cardekho.com/used-car-details/used-Hyundai-Grand-I10-Sportz-cars-Agra_76d7be9b-beed-44cb-a939-e55bc67ac657.htm,False,Hyundai Grand i10 Sportz,Hyundai,Sportz,Agra,Individual,,Manual,"1,20,000",Petrol,300000.0
https://www.cardekho.com/used-car-details/used-Hyundai-Creta-1.6-Crdi-Sx-cars-Agra_c099eb80-de43-476e-8769-d6ac8db44f63.htm,False,Hyundai Creta 1.6 CRDi SX,Hyundai,1.6 CRDi SX,Agra,Individual,,Manual,"90,000",Diesel,1050000.0
https://www.cardekho.com/used-car-details/used-Hyundai-Creta-1.6-Crdi-Sx-cars-Agra_e80e1cf2-b658-40d0-8a6b-557d7802adf5.htm,False,Hyundai Creta 1.6 CRDi SX,Hyundai,1.6 CRDi SX,Agra,Individual,,Manual,"70,000",Diesel,1200000.0
https://www.cardekho.com/used-car-details/used-Chevrolet-Aveo-1.4-cars-Agra_7ff0e399-3be6-4641-85dd-034bd3502420.htm,False,Chevrolet Aveo 1.4,Chevrolet,1.4,Agra,Individual,,Manual,"90,000",Petrol,90000.0
https://www.cardekho.com/used-car-details/used-Maruti-Vitara-Brezza-Zdi-cars-Agra_b1e760c3-30ff-4416-bf53-b611bdd20131.htm,False,Maruti Vitara Brezza ZDi,Maruti,ZDi,Agra,Individual,,Manual,"60,000",Diesel,850000.0
https://www.cardekho.com/used-car-details/used-Toyota-Innova-2.5-G4-Diesel-8-seater-cars-Agra_e1c7bcda-9b25-42b2-9ca4-533d9441fd5b.htm,False,Toyota Innova 2.5 G4 Diesel 8-seater,Toyota,2.5 G4 Diesel 8-seater,Agra,Individual,,Manual,"1,20,000",Diesel,440000.0
https://www.cardekho.com/used-car-details/used-Mahindra-Xylo-D2-Bsiv-cars-Agra_f4716964-9998-42eb-b586-6a24c01e1a3d.htm,False,Mahindra Xylo D2 BSIV,Mahindra,D2 BSIV,Agra,Individual,,Manual,"1,00,000",Diesel,140229.0
https://www.cardekho.com/used-car-details/used-Mahindra-Thar-Crde-Ac-cars-Agra_28a92db3-b66d-4728-83f9-99b1935d207e.htm,False,Mahindra Thar CRDe AC,Mahindra,CRDe AC,Agra,Individual,,Manual,"50,000",Diesel,800000.0
https://www.cardekho.com/used-car-details/used-Mahindra-Quanto-C8-cars-Agra_3bd18e4e-c5fa-4915-bb5f-95cb94b54676.htm,False,Mahindra Quanto C8,Mahindra,C8,Agra,Individual,,Manual,"50,000",Diesel,300000.0
https://www.cardekho.com/used-car-details/used-Maruti-Alto-K10-Vxi-Airbag-cars-Agra_20e612f1-df8e-46f0-b5a9-f139057d850f.htm,False,Maruti Alto K10 VXI Airbag,Maruti,VXI Airbag,Agra,Individual,,Manual,"1,10,000",Petrol,250000.0
https://www.cardekho.com/used-car-details/used-Maruti-Baleno-1.2-Delta-cars-Agra_a0115afa-83fc-497d-8e75-c8244d3c635f.htm,False,Maruti Baleno 1.2 Delta,Maruti,1.2 Delta,Agra,Individual,,Manual,"10,000",Petrol,600000.0
https://www.cardekho.com/used-car-details/used-Hyundai-Eon-Magna-Plus-Option-cars-Agra_9844d103-1faf-40f1-9fb9-bb0886ef6736.htm,False,Hyundai EON Magna Plus Option,Hyundai,Magna Plus Option,Agra,Individual,,Manual,"30,000",Petrol,290000.0
https://www.cardekho.com/used-car-details/used-Maruti-Alto-Std-cars-Agra_33d1917b-3d13-416f-af80-72f424bd51a9.htm,False,Maruti Alto STD,Maruti,STD,Agra,Individual,,Manual,"43,000",Petrol,70000.0
https://www.cardekho.com/used-car-details/used-Hyundai-Accent-Executive-Cng-cars-Agra_257f287f-6f55-41df-8745-0367e8afb164.htm,False,Hyundai Accent Executive CNG,Hyundai,Executive CNG,Agra,Individual,,Manual,"70,000",CNG,165000.0
https://www.cardekho.com/used-car-details/used-Maruti-Swift-Dzire-Zdi-cars-Agra_213a540f-dbc0-4329-9e03-b644c5d8d64d.htm,False,Maruti Swift Dzire ZDI,Maruti,ZDI,Agra,Individual,,Manual,"80,000",Diesel,350000.0
https://www.cardekho.com/used-car-details/used-Honda-Amaze-Vx-I-dtec-cars-Agra_9afcc5a4-1fe1-49f8-a367-b1203e57cef5.htm,False,Honda Amaze VX i-DTEC,Honda,VX i-DTEC,Agra,Individual,,Manual,"60,000",Diesel,290000.0
https://www.cardekho.com/used-car-details/used-Mahindra-Kuv-100-D75-K8-Dual-Tone-cars-Agra_12b3c065-9b4f-45a4-8ed9-89aa7e959ec3.htm,False,Mahindra KUV 100 D75 K8 Dual Tone,Mahindra,D75 K8 Dual Tone,Agra,Individual,,Manual,"60,000",Diesel,450000.0
https://www.cardekho.com/used-car-details/used-Maruti-Swift-Vdi-cars-Agra_715dd581-e8b6-4a84-a28c-4aa6dda3c393.htm,False,Maruti Swift VDI,Maruti,VDI,Agra,Individual,,Manual,"90,000",Diesel,350000.0
https://www.cardekho.com/used-car-details/used-Maruti-Swift-Dzire-Vxi-1.2-cars-Agra_51e5f2d4-4d6a-4345-b4ea-ad2a036e3d1e.htm,False,Maruti Swift Dzire VXI 1.2,Maruti,VXI 1.2,Agra,Individual,,Manual,"20,000",Petrol,665000.0
https://www.cardekho.com/used-car-details/used-Toyota-Innova-2.5-Ev-(diesel)-Ps-8-Seater-Bs-Iv-cars-Agra_4e448138-01d8-433b-8f84-5fd703a5044a.htm,False,Toyota Innova 2.5 EV (Diesel) PS 8 Seater BS IV,Toyota,2.5 EV (Diesel) PS 8 Seater BS IV,Agra,Individual,,Manual,"2,13,725",Diesel,625000.0
https://www.cardekho.com/used-car-details/used-Maruti-Swift-Dzire-Vdi-cars-Agra_19836001-7493-4c53-ab67-254b65459d74.htm,False,Maruti Swift Dzire VDI,Maruti,VDI,Agra,Individual,,Manual,"77,000",Diesel,475000.0
https://www.cardekho.com/used-car-details/used-Maruti-Wagon-R-Lxi-Cng-cars-Agra_65e6b3de-8fd6-4d02-a1f1-2a4a0ca751de.htm,False,Maruti Wagon R LXI CNG,Maruti,LXI CNG,Agra,Individual,,Manual,"1,00,000",CNG,235000.0
https://www.cardekho.com/used-car-details/used-Maruti-Alto-Lxi-cars-Agra_9a8e2acf-8b52-468b-839f-0c3a1a0a9b70.htm,False,Maruti Alto LXi,Maruti,LXi,Agra,Individual,,Manual,"70,000",Petrol,95000.0
https://www.cardekho.com/used-car-details/used-Toyota-Fortuner-4x4-Mt-cars-Agra_6b5ede47-6573-46ad-af48-dc5bf9815c58.htm,False,Toyota Fortuner 4x4 MT,Toyota,4x4 MT,Agra,Individual,,Manual,"1,20,000",Diesel,1250000.0
https://www.cardekho.com/used-car-details/used-Renault-Kwid-Rxt-cars-Agra_0830ec48-088f-473d-a31f-c8bfecaad3b6.htm,False,Renault KWID RXT,Renault,RXT,Agra,Individual,,Manual,"28,000",Petrol,225000.0
https://www.cardekho.com/used-car-details/used-Maruti-Alto-800-Lxi-cars-Agra_2faf5e71-e308-4374-8572-9c762ee662b5.htm,False,Maruti Alto 800 LXI,Maruti,LXI,Agra,Individual,,Manual,"1,82,000",Petrol,135000.0
https://www.cardekho.com/used-car-details/used-Tata-Nexon-1.2-Revotron-Xz-Plus-cars-Agra_e9651e52-9f74-4044-9dc0-3e8c65f7cccc.htm,False,Tata Nexon 1.2 Revotron XZ Plus,Tata,1.2 Revotron XZ Plus,Agra,Individual,,Manual,"35,000",Petrol,850000.0
